"Cooke, Brown and Fox",23
Pierce and Sons,59
Larson LLC,86
Hinton Inc,80
Guerrero-Grant,86
Price-Hall,23
Soto-Steele,57
Anderson LLC,57
"Johnson, Green and Jenkins",78
Chen-Hall,14
Hernandez Inc,50
Schwartz-Huber,87
Hampton Ltd,88
"Gonzales, Chapman and Wilson",96
Davis-Morgan,96
"Tanner, Willis and Smith",16
"Brown, Clark and Jones",38
Solis-Jenkins,63
Johnston-Garcia,70
Shields-Graves,31
Barnett-Clarke,62
"Cummings, Mullins and Petersen",9
Thomas LLC,39
"Watson, Jones and Ward",70
Mason LLC,51
"Miller, Wright and Smith",59
Burnett-Roberson,62
Wilson Ltd,44
Campbell-Johnson,55
Pittman Group,71
Miles-Huff,3
Miller PLC,46
"Adams, Reed and Olsen",9
Lara Inc,58
Jackson-Brown,12
Deleon and Sons,3
Cobb and Sons,13
"Brown, Jenkins and Sullivan",49
Beltran PLC,39
Williams-Santos,76
"Walsh, Obrien and Carter",19
"Sullivan, Hernandez and Carr",44
Wells PLC,51
"Reeves, Lawson and Lopez",39
Stone-Stevenson,94
Smith PLC,28
"Benjamin, Chapman and Simmons",18
Jennings-Christian,61
"Harrison, Wu and Myers",59
Wells-Coffey,68
"Bell, Peck and Erickson",60
Lyons Ltd,33
Novak Ltd,9
Duncan Inc,26
Rice-Campbell,31
"Webb, Simmons and Allen",57
"Sanders, Curry and Alexander",91
Jones-Turner,34
Sanchez-Moody,82
Smith-Reyes,48
Weiss Inc,76
Davis-Willis,15
Keith-Kelley,91
Campbell and Sons,8
Figueroa and Sons,62
Hernandez-Powers,65
Williams-Green,95
"Bautista, Morris and Reese",18
Hayes-Johnson,2
"Graham, Rodriguez and Bell",5
Ortega Ltd,21
"Wilson, Cooper and Navarro",12
"Miller, Smith and Carter",57
"Greene, Fritz and Anderson",41
Carter PLC,88
Newman-Marshall,69
Beard-Green,88
Martin Inc,3
"Hall, Murray and Sanchez",32
Koch-Ramsey,21
Maldonado-Hernandez,65
"Alexander, Taylor and Smith",77
Blake PLC,12
Hoffman-Vincent,89
Lindsey LLC,24
Molina Ltd,23
Morrison and Sons,70
Reilly-Nunez,53
"Martin, Mckinney and Stuart",23
"Lopez, Harris and Roberts",96
"Mcgee, Everett and Baker",23
Ruiz Inc,51
Jones LLC,33
English Ltd,23
Schmitt-Hunt,11
Owens and Sons,4
Andersen-Fernandez,43
"Blake, Webb and Henry",74
Bell-Smith,39
Price-Kline,8
Davidson-Jackson,54
"Salazar, Silva and Fields",83
Cowan-Mcgee,94
Hernandez-Martinez,7
Forbes PLC,17
"Lawson, Frazier and Richardson",97
York Group,46
Allen-Padilla,17
Adams-Vazquez,61
Thomas-Hayden,61
Pearson-Robbins,72
Johnson-Williams,1
Rangel-Dixon,80
"Martin, Neal and Wong",37
James-Lucas,85
James-Frank,35
Townsend-Hogan,53
Dawson Ltd,19
Allen and Sons,44
Perez Group,50
Davis-Cervantes,71
Baker Inc,64
Sparks Ltd,28
"Ball, Mcdaniel and Guzman",41
"Mullins, Barnes and Armstrong",60
"Hall, Lambert and Roberts",86
"Rodriguez, Colon and Phillips",83
Shaw-King,92
Bridges-Willis,66
Gordon PLC,80
Smith-Welch,65
Martinez Group,35
"Wise, Hill and Barrett",72
Jones-Vasquez,84
Johnson LLC,4
"Tyler, Roth and Le",77
Nolan-Higgins,57
Johnson-Garcia,33
Cain and Sons,1
Barry-Mitchell,73
Boyd PLC,75
Rojas-Harvey,59
Hurst-Arellano,70
"Dunn, Carter and Smith",69
"Andrews, Allen and White",16
Gonzalez-Barnes,56
Rice-Lowe,99
"Stein, Mcgee and Garrett",70
"Hughes, Williams and Mcclure",28
"Baker, Garcia and Barker",7
"Rivera, Perez and Ortiz",63
Odom-Woodward,23
"English, Lang and Davis",48
Shelton PLC,58
Williams Inc,61
Owens-Mcgrath,11
Roberts-Harmon,12
"Ramos, Ritter and Williams",48
Bailey-Frye,43
Garcia Ltd,91
Hernandez-Stafford,14
Kerr Ltd,5
"Smith, Gonzales and Robinson",32
"Yates, Sanders and Vincent",94
"Carter, Fritz and Zimmerman",84
Watkins PLC,66
"Jones, Best and Jones",90
Thompson-Lyons,15
"Jones, Rodgers and Smith",38
Schwartz Group,78
"Lawrence, Marquez and Woods",12
Taylor Group,43
Chandler-Phelps,28
Brown and Sons,63
Gregory PLC,35
"West, Long and Avila",34
Steele LLC,75
Webster-Harrison,20
Davis-Baker,40
"Rivera, White and Woods",60
"Terry, Jones and Martinez",22
Smith Inc,20
"Robles, Harris and Erickson",57
Burke Inc,43
Thomas Ltd,99
Berry-Ray,88
"Roberts, Goodwin and Hill",5
Kramer-Smith,55
Castro-Peterson,57
Wang-Watson,56
Morris LLC,76
Kelly-Tucker,2
"Taylor, Anderson and Strickland",48
Decker-Maldonado,10
Friedman Group,21
"Jordan, Stevenson and Dunlap",10
Parker Group,81
Eaton Ltd,65
"Eaton, Taylor and Martin",18
"Holmes, Banks and Miller",6
"Castillo, Bailey and Johnson",44
"Harris, Roberts and Smith",50
Cruz-Hudson,41
Lee-Jones,3
"Allen, Morrison and Davis",61
"Roberts, Perkins and Johnston",72
"Hunter, Adams and Ingram",77
Miranda PLC,66
"Nelson, Reese and Chavez",7
Tapia PLC,55
George-Barnett,75
Harrison and Sons,56
"Fuentes, Wilkins and Clark",51
Smith-Taylor,83
Parsons Group,43
"Mullins, Miller and Weber",17
"Marshall, Barker and Miller",74
Vargas-Lewis,48
Davis Ltd,51
"Gonzalez, Love and Evans",6
"Gonzalez, Mueller and Rowe",85
Douglas Inc,6
Rose Ltd,59
Gonzalez PLC,8
"Reed, Washington and Bauer",43
Stafford-Hicks,7
Daniels-Mcintyre,54
Jones-Herring,88
Huff-Ryan,36
Dudley and Sons,75
Davis and Sons,83
"Harris, Jackson and Smith",69
"Gross, Williams and Flowers",42
Hernandez-Crawford,10
Jones-Howell,71
Giles-Hernandez,98
Harris-Moore,3
Mckinney-Kennedy,57
"Mosley, Meadows and Branch",36
Fields-Gregory,36
"Foley, Evans and Maldonado",3
Holland-Sanders,80
"Simpson, Schmidt and Lewis",12
Murray-Russo,35
"Anderson, Alvarado and Velasquez",75
Jordan and Sons,8
Hendricks-Wood,55
Young-Riley,25
Khan-Mitchell,68
Luna Group,83
"Everett, Rivera and Perez",10
Dixon-Jones,2
"Chen, Hurley and Spencer",53
Payne LLC,65
"Mcdonald, Boyd and Stevens",90
Maldonado-Watson,79
"Mann, Jones and Hammond",85
Lucas LLC,22
Wright-Obrien,53
Christian-Graham,90
Pierce-Hall,80
"Moore, Harris and Webb",54
Durham-Richards,48
"Brown, Hall and Price",91
Smith LLC,12
Dixon Group,4
"Miller, Mccoy and Mitchell",61
"Contreras, Marsh and Dominguez",69
King-Harmon,42
"Bowman, Jones and Orr",67
"Murphy, Berry and Terry",17
"Hill, Cantu and White",46
Robinson-Blevins,44
Mccoy and Sons,1
"Rios, Summers and Owen",67
Jenkins PLC,88
Burch Inc,88
Hill-Bean,1
"Williams, Brown and Watkins",21
Mitchell-Hurley,78
"Walker, Oconnor and Robles",51
"Owens, Houston and Harris",36
"Graves, Landry and Adams",21
"Lee, Cunningham and Edwards",64
"Newton, Walker and Odonnell",97
Garcia-Greer,76
Orozco-Cooper,63
Harris Inc,7
Ashley-Jones,22
Harmon-Williams,32
"Ray, Knox and Smith",76
"Flynn, Johnson and Dixon",48
"Atkins, Bryant and Hanson",36
Walker and Sons,38
Bates Ltd,44
Mahoney-Watts,96
Palmer-James,87
Porter PLC,78
Hebert-Reed,6
Thompson Inc,11
Collins and Sons,55
Brooks LLC,91
"Murray, Gilbert and King",70
Nichols and Sons,72
Brown PLC,61
Harrison-Bryant,59
Campos-Pruitt,51
"Roberts, Barrett and Ruiz",66
Mitchell-Bass,82
Buckley LLC,22
Robinson Inc,72
Torres-Ramos,58
Jackson-Yu,13
Robinson PLC,41
"Jones, Jimenez and Lucero",48
Thomas-Bates,7
Melton Inc,56
Boyd-Perez,30
Horn PLC,13
Jackson-Pierce,2
Dyer Group,37
"Knight, Hernandez and Trevino",16
Pierce PLC,77
Knight PLC,40
Rodriguez LLC,24
Salas LLC,99
Martin-Vaughn,48
"Phillips, Lawrence and Price",50
Ballard-Jimenez,63
Wilson-Blair,96
Lindsey-Acosta,13
Johnson-Henry,88
Fox Group,88
Gutierrez-Sanchez,43
Bishop-Thomas,50
Guzman and Sons,42
Fisher Ltd,74
"Hubbard, Cole and Price",42
Matthews Ltd,30
Edwards-Lee,21
Dickerson PLC,6
Todd-Gray,85
"Roberts, Owen and Williams",43
Baxter Inc,75
"Wilson, Davis and Reynolds",85
Watson Inc,61
"Campbell, Brown and Brown",21
"Williamson, Ramos and Hall",55
"Franklin, Patterson and Lopez",29
Montoya-Maddox,89
Howard Inc,77
Allen Ltd,27
Campos-Campbell,67
Singh LLC,87
Park-Jimenez,4
"Smith, Young and Adams",84
"Hansen, Thompson and Moore",55
David-Obrien,47
"Rivera, Reeves and Zimmerman",7
"Flores, Stout and Shelton",73
Webb-Williams,43
Gardner LLC,94
Henderson-Diaz,26
Clark and Sons,44
"Klein, Hancock and Vazquez",60
"Gordon, Sanchez and Murray",43
Rodriguez PLC,81
"Montgomery, Smith and Scott",88
"Sanchez, Kelly and Mayo",24
Coffey PLC,58
"Smith, Lopez and Brooks",19
Smith-Jones,79
Kelly-Coleman,63
Bradley and Sons,40
"Smith, Rodriguez and Johnston",52
Gray-Mcdonald,98
"Mcdonald, Burgess and Franklin",33
Williamson-Johnston,95
"Reynolds, Nguyen and Cantu",30
Johnston-Michael,72
Walker Inc,48
Wright-Williams,75
"Patel, Anderson and Collins",97
Liu Inc,66
Lam Group,74
Ross-Mejia,84
Knight Ltd,52
Ruiz LLC,62
Vargas-Huynh,74
"Bradley, Patel and Long",84
Rojas Group,53
Morris-Castro,87
Case Group,80
Osborne Group,86
"Wallace, Roberts and Wallace",59
Walker-Hall,50
"Mendoza, Smith and Cook",14
Bennett-Snyder,95
Moore-Oliver,11
Morrow Ltd,63
Jacobs Ltd,97
"Bowers, Taylor and Tran",18
Wilson-Hall,93
"Larson, Hobbs and Hogan",56
"Kirby, Cummings and Roberts",74
Mccoy Ltd,9
"Stewart, Clark and Mendoza",8
"Patel, Fisher and Oconnor",98
"Coffey, Smith and Sanchez",25
Gonzalez-Stewart,24
Pollard-Shelton,30
Orr-Lewis,65
"Avila, Morgan and Benson",31
"Gibbs, Collins and Vargas",21
Guerra-Duncan,70
"Graham, Roberts and Cross",10
Reed-Young,29
Bowman-Ramsey,33
Johnson-White,39
"Ali, Jones and Padilla",31
Davis Group,96
"Smith, Young and Berry",91
"Jones, Decker and Henson",92
Arnold-Murray,9
"Myers, Sexton and Guerra",54
Boyd-Harris,89
Miller Group,83
Hopkins-Blankenship,26
Olsen Ltd,54
Andersen Group,7
"Watkins, Cole and Medina",30
Saunders-Kelly,81
"Green, Garcia and Ward",36
Miller-Reid,20
"Fry, Crawford and Norris",16
Hartman Ltd,68
"Schneider, Castro and Henry",56
Carr-Stevens,11
Walker-Walker,49
Morse-Hoffman,66
"Hurst, Williams and Anderson",87
Miller Inc,81
Patterson-Green,30
Rhodes-Carpenter,58
Maldonado-Solomon,30
Miller-Carrillo,60
"Robinson, Stewart and Martinez",70
"Cooper, Christensen and Robinson",23
Clark-Shaffer,52
Pacheco-Miller,70
Knox-Daniel,18
"Bryant, Valenzuela and Maldonado",49
Boyer-Morrison,95
Brown Inc,52
Smith Group,39
Hanson-Rosales,52
"Hansen, White and Mendoza",33
Huynh-Rodriguez,58
"Henry, Snyder and Noble",58
"Gibbs, Morgan and Miller",40
Fernandez LLC,24
Johnson Group,23
Robertson-Farmer,29
Meyer LLC,85
"Kim, Herrera and Murray",26
Evans Inc,97
Ibarra and Sons,30
Wilson-Bray,5
Luna Ltd,72
"Leach, Hull and Powell",78
"Crawford, Wilson and Meyers",77
"Waters, Hall and Fisher",60
"Garcia, Boyd and Mccullough",43
"Horn, Walker and Eaton",78
Rodriguez-Woodward,71
Woods Group,6
"Reyes, Myers and Barnes",9
Chavez-Mills,66
Carter Inc,83
Pearson-Moore,84
Freeman Group,52
Rowland-Briggs,40
West-Park,31
Mcguire Inc,8
Robinson Ltd,25
Simmons-Morrison,19
Ross-Mitchell,25
Wilson-Knight,67
"Khan, Lewis and Thompson",1
Yu-Dominguez,83
