76589094,8901297757,East Dillonside,25907,262 Laurie Creek Suite 420,1847,"Cooke, Brown and Fox"
13716518,0961056840,Johnhaven,70888,940 Jennifer Manors,0393,Pierce and Sons
30796431,3137936401,Gutierrezfurt,35276,4864 Lisa Valley,540,Larson LLC
12672602,2400292542,Michaelshire,62271,1834 Joseph Forest Apt. 103,5468,Hinton Inc
67004056,2729528383,Edwardsmouth,38692,2680 Serrano Glens Apt. 387,833,Guerrero-Grant
44929455,3229030346,Hallport,82773,70133 Christian Pike Apt. 831,834,Price-Hall
46015301,7846537322,East Brandiville,61921,55375 Harrison Loop,041,Soto-Steele
11510668,3761949822,New Johnnyborough,19605,116 Brandi Mall Suite 497,345,Anderson LLC
19560409,1598587068,Lake Kevinfurt,45664,5439 Catherine Cape Suite 181,4131,"Johnson, Green and Jenkins"
32651446,2339050202,East Julie,71775,558 Chad Lane,7788,Chen-Hall
54530331,0538440797,Alexandertown,40872,0428 Christopher Square,88738,Hernandez Inc
18806696,3871286405,Wesleyburgh,42695,6769 Hurst Center,839,Schwartz-Huber
43103525,6077702233,Michaelton,26973,4861 Carrillo Spurs,404,Hampton Ltd
63218758,9876441852,Olsontown,36885,896 Rodriguez Radial Suite 021,97451,"Gonzales, Chapman and Wilson"
50679719,7557802662,Simmonsland,14000,8206 Jackson Unions Suite 465,52708,Davis-Morgan
25464788,6819543669,Andrewmouth,03305,6611 Jeremy Extension Apt. 242,39903,"Tanner, Willis and Smith"
53484334,5474904622,Port Victorshire,76455,8608 Hodges Road Apt. 336,83447,"Brown, Clark and Jones"
55512238,7577437864,West Aaron,93100,74219 Obrien Ports Suite 666,3302,Solis-Jenkins
39777440,5776662691,Smithland,16465,763 Lee Hills Apt. 059,782,Johnston-Garcia
15617971,2285987177,Meredithtown,96280,6011 Martha Park,15754,Shields-Graves
21642697,7096241605,East Roseville,29651,26629 Kevin Fields,663,Barnett-Clarke
23561627,3385278250,East Jeffrey,19250,47900 Teresa Parkways Suite 043,97819,"Cummings, Mullins and Petersen"
31633649,2339746332,South Brett,74929,098 Samantha Valleys,55087,Thomas LLC
38967227,9971259851,West Garyville,59525,23320 Ryan Gateway Suite 231,6502,"Watson, Jones and Ward"
53495048,4838720781,Josephchester,01867,8900 Harvey Cliffs Apt. 512,0652,Mason LLC
40166796,4947549094,Port Jennifer,48647,584 Mary Walk Apt. 512,5377,"Miller, Wright and Smith"
84638686,0240593646,Lake Jasonberg,23185,652 Carter Mountain Apt. 510,3786,Burnett-Roberson
31266170,0236873341,Lake Michaelton,45061,5137 Emily Mission Apt. 277,3059,Wilson Ltd
26020816,4168236640,Castillofort,27188,56080 Scott Skyway Suite 126,850,Campbell-Johnson
11739680,4856460882,Veronicaton,96499,08970 Megan Brooks Apt. 614,4033,Pittman Group
59544704,7125035361,Dustinport,54097,656 Williamson Hill,1830,Miles-Huff
24201170,8566158105,Morganmouth,50163,760 Seth Trail,19863,Miller PLC
13564361,7408625663,Port Michelle,36055,05220 Tiffany Glens Apt. 256,8268,"Adams, Reed and Olsen"
34320255,2420515122,North Aaron,01208,5649 Ronald Spur,449,Lara Inc
76201015,6180870542,South Dustin,72693,071 Huff Center Suite 580,0273,Jackson-Brown
89594972,3388678098,Alexisport,98900,0363 Nelson Camp Apt. 134,23581,Deleon and Sons
05828264,7721625258,South Ashley,84864,06633 Steven Square,71420,Cobb and Sons
66877986,9205083782,Ryanmouth,82786,62739 Smith Plains Suite 440,672,"Brown, Jenkins and Sullivan"
76502372,3979096853,Glennberg,98492,4268 Christopher Stream,832,Beltran PLC
86653202,0118175564,South Brian,12711,677 Brian Hills,1411,Williams-Santos
42264970,9885145461,North Emily,86187,06329 Adam Hills,8388,"Walsh, Obrien and Carter"
81195078,2779484940,East Christophermouth,27532,293 Griffin Fort,252,"Sullivan, Hernandez and Carr"
17574746,8221579551,Mitchellbury,24721,505 Guerrero Stravenue,09211,Wells PLC
64933362,2733663560,Taylorview,77645,92140 Wilkerson Via,613,"Reeves, Lawson and Lopez"
13124999,3564699266,North Laurastad,22451,62209 Greene Isle Apt. 351,19478,Stone-Stevenson
11248895,7990337599,Port Adam,61385,129 Kathy Valleys Apt. 036,53743,Smith PLC
18058159,3255508929,Frankhaven,07413,27477 Zachary Mall Suite 900,580,"Benjamin, Chapman and Simmons"
13988482,8865230822,Amandaton,39178,93363 Evans Field,091,Jennings-Christian
15309603,0269210075,South Brooke,88438,06104 Hayes Hills,305,"Harrison, Wu and Myers"
79452106,9722291301,Trevinochester,89670,4981 Christopher Viaduct Apt. 964,613,Wells-Coffey
85303800,3537015045,Michaelport,01306,693 Clark Place,127,"Bell, Peck and Erickson"
02129853,1631818761,West Anthonyview,85664,1361 Trevor Way Apt. 955,385,Lyons Ltd
56137166,6421706927,New Brookeport,26315,6935 Christopher Row,2534,Novak Ltd
30597008,9706075971,New Markside,67917,55788 Harris Plaza Apt. 884,68439,Duncan Inc
06563466,3073643317,Soniamouth,14407,153 Jason Club Suite 907,8861,Rice-Campbell
29710623,3747879601,Port Tanner,43742,7913 Torres Plaza Apt. 149,948,"Webb, Simmons and Allen"
60109110,4691704405,Port Catherinefort,14930,66532 Steve Meadows,35889,"Sanders, Curry and Alexander"
22934727,8859060066,South Adam,08780,39528 Sanchez Stream,4233,Jones-Turner
77072612,5016034213,East Stephen,84263,606 Stanton Mill,49538,Sanchez-Moody
13688151,0071005966,West Jessica,76359,924 Gonzales View Apt. 802,0200,Smith-Reyes
85332269,3067846963,Sotoville,06284,90928 Simon Estates,3449,Weiss Inc
21673272,6059207393,Conleyburgh,96239,9161 Kimberly Center Apt. 056,778,Davis-Willis
40426589,3993359747,East Kathrynville,98709,25338 John Greens,01434,Keith-Kelley
86141796,6478246377,South Todd,38031,8575 Barnes Shoal,251,Campbell and Sons
37432279,6124057579,Teresaberg,13092,43576 Paul Branch,920,Figueroa and Sons
78586476,8897182119,Allenborough,97622,230 Clay Trafficway Suite 087,344,Hernandez-Powers
61016028,0983204482,Port Paulshire,14210,78410 Michelle Fall,4540,Williams-Green
40069949,0668562384,Rebekahview,15700,425 Mullen Shores Suite 808,58125,"Bautista, Morris and Reese"
17678594,9937350044,Brownmouth,71442,252 Michael Street,14597,Hayes-Johnson
40690174,2505618095,New Kevinburgh,91439,933 Clark Trail Apt. 419,47686,"Graham, Rodriguez and Bell"
33511212,6365080908,West John,73164,40788 Jennifer Greens Suite 390,9505,Ortega Ltd
71207464,8650468229,Port Katherine,41065,37478 Lauren Union,4244,"Wilson, Cooper and Navarro"
53365767,4225546916,Tinamouth,46990,07266 Meyers Springs Apt. 174,1219,"Miller, Smith and Carter"
39531970,7462027840,Elizabethtown,31627,384 Perez Forest Apt. 783,5026,"Greene, Fritz and Anderson"
06849974,7375039523,Deborahside,35212,75460 Quinn Trail Apt. 235,84850,Carter PLC
60405899,5276909937,South Brianmouth,26406,06631 Nancy Locks Apt. 489,0625,Newman-Marshall
27692382,7154290492,East Kim,11283,366 Nancy Plains,9847,Beard-Green
62619249,9096082325,Youngview,64222,849 Vaughn Fort,9138,Martin Inc
47809838,8763768376,Port Jessica,24258,339 Linda Curve,01872,"Hall, Murray and Sanchez"
24312796,8402900167,West Annland,71562,7465 Stephanie Coves Apt. 778,521,Koch-Ramsey
96323903,5685796404,Chadton,56876,806 Heather Parkways Suite 189,980,Maldonado-Hernandez
21456164,4147647108,Holdermouth,89470,8845 Long Points Apt. 097,464,"Alexander, Taylor and Smith"
22579244,9452911386,Blevinston,17621,46351 Michael Fort,4482,Blake PLC
77289083,7495027802,Lake Alexandriaburgh,25687,858 Goodman Plaza,7952,Hoffman-Vincent
66144010,4968903379,Taylorville,35156,857 Mary Mission Apt. 730,55190,Lindsey LLC
29205807,7285272280,Edwardview,86084,847 Wilson Wells Apt. 903,8254,Molina Ltd
20507409,0866171742,Staceyfort,04543,4269 Valencia Common,6858,Morrison and Sons
42918744,5971775958,Stevensberg,11668,2106 Robert Bridge,74614,Reilly-Nunez
00776788,3288005909,Justinville,46159,47812 Smith Parks Apt. 585,832,"Martin, Mckinney and Stuart"
31741329,5899381136,Christopherburgh,77241,0349 Owens Walk,16506,"Lopez, Harris and Roberts"
21087237,1313202580,West Brandon,85095,406 Sanford Causeway,995,"Mcgee, Everett and Baker"
65748344,0938650211,South Davidchester,05189,130 Judith Estates,95432,Ruiz Inc
65358656,9930111448,East Sheilahaven,44925,51670 Bryan Fields Suite 376,490,Jones LLC
21232839,1734998698,Andrealand,61246,8794 Morgan Summit,88965,English Ltd
98764221,8899542715,Lake Jessicamouth,37329,2587 Cannon Walks,64254,Schmitt-Hunt
07785634,3956561677,Port Michaelaton,25800,965 Hall Greens,5407,Owens and Sons
62993368,1112922908,South Ashley,47997,00144 Brianna Estates Apt. 339,193,Andersen-Fernandez
37768564,5281698982,Adamsfurt,56667,2981 Jeffrey Course Apt. 852,1489,"Blake, Webb and Henry"
64899633,0847720529,Morganview,30770,24084 Denise Ford,33460,Bell-Smith
73915932,3608750354,Lake Emily,80907,8156 Horn Street Suite 597,0568,Price-Kline
37302380,7460486766,North Davidberg,30185,3981 Leon Meadows,10266,Davidson-Jackson
45543250,4117021675,East Corey,95918,4445 John Station,49751,"Salazar, Silva and Fields"
91413383,9461484826,Jacksonland,97732,1863 Rebecca Mountain Suite 726,402,Cowan-Mcgee
90696318,7887055103,Garybury,90648,641 Hill River,747,Hernandez-Martinez
47595432,5322956418,North Lauraview,34537,922 Troy Springs,4925,Forbes PLC
13186781,9507392959,Lake Brianton,25100,4438 Deborah Courts Suite 522,13990,"Lawson, Frazier and Richardson"
79109700,0470063966,Port Jeremyshire,28555,38967 Mccarthy Gateway,05552,York Group
69261650,7559109952,Hensleyland,49640,289 Charlotte Unions Suite 328,942,Allen-Padilla
25570359,8922526358,New Shawnfurt,90938,644 Sandra Park,43685,Adams-Vazquez
07433279,3576005930,Jonesport,09017,568 Allen Spring Suite 000,629,Thomas-Hayden
38041217,8244819109,Lake Tammy,72541,2415 Justin Islands,67576,Pearson-Robbins
67059782,3597630510,North Ashleyshire,58294,58552 Harrison Hill,13130,Johnson-Williams
73631252,0579994747,Aaronshire,12572,096 Wright Valleys,75915,Rangel-Dixon
05924575,4120569189,Timothyside,91399,7425 Patterson Landing,246,"Martin, Neal and Wong"
20136251,2287004929,Port Stephen,44707,3259 Riley Manors,5068,James-Lucas
63940601,3852872455,Anafurt,31822,6867 Sheila Ridges,07581,James-Frank
45027756,8821613659,Elainemouth,74676,837 Gordon Club,6404,Townsend-Hogan
80387215,3242965009,Kathleenmouth,47245,544 Curtis Bypass Suite 450,26177,Dawson Ltd
81734539,1696089729,Nicholsonchester,10286,724 Andrew Forest Apt. 629,415,Allen and Sons
18170935,5122301953,East Brian,11677,8136 Shannon Spur,646,Perez Group
52573120,4703751940,Joyville,39366,88502 Scott Harbors,7770,Davis-Cervantes
28629823,7806612125,Tranborough,60435,23565 Stanton Manor Apt. 280,8564,Baker Inc
15398621,8682985264,Christinaside,70086,71495 Angela Ports Suite 065,632,Sparks Ltd
41048956,8492777520,New Dennistown,21581,028 Frost Camp,3700,"Ball, Mcdaniel and Guzman"
77247869,2939474670,Manuelville,91994,811 Oneal Locks,616,"Mullins, Barnes and Armstrong"
82277498,7727065563,Ricardoberg,31864,53950 Carter Islands Suite 244,4494,"Hall, Lambert and Roberts"
90683009,0884578289,Yuhaven,57501,59988 Johnson Streets,32151,"Rodriguez, Colon and Phillips"
35709524,4088227628,New William,40032,341 Becker Ford Apt. 772,833,Shaw-King
19624654,7449756001,Paulabury,25190,4930 Melissa Trafficway,0561,Bridges-Willis
34416581,2857905918,Vaughnbury,16239,686 Walker Viaduct Apt. 670,1574,Gordon PLC
67350961,5754524506,Nicholasbury,79442,0187 Tiffany Dam Suite 229,20494,Smith-Welch
47485096,4774969580,Georgeborough,31110,370 Zachary Passage,5828,Martinez Group
78875448,5202319597,Port Breanna,72360,92150 Amanda Flats Suite 558,0198,"Wise, Hill and Barrett"
69234606,5690049962,South Christopherton,08416,1023 Elliott Rapid,88725,Jones-Vasquez
59661227,2562964335,New Briana,56290,94291 Sanders Oval,48897,Johnson LLC
28860941,7995103375,Carterberg,55601,7931 King Corner Suite 583,06689,"Tyler, Roth and Le"
92703750,0018585477,Emilyfurt,91221,70662 Phillip Flats Suite 605,548,Nolan-Higgins
58207886,8876754454,North Johnland,94339,8461 Tara Prairie Apt. 139,972,Johnson-Garcia
57818769,8640194620,Reneetown,51546,963 Gutierrez Road,277,Cain and Sons
83399081,5221488045,New Janet,29836,28907 David Street Suite 366,8465,Barry-Mitchell
04404922,8153079419,Lake Jose,84120,8064 Adams Ranch Apt. 003,8189,Boyd PLC
44476468,3225113478,Dillonmouth,85701,323 Cody Trail,0135,Rojas-Harvey
55774411,8775736570,Roseberg,61032,869 Ashley Key Apt. 537,067,Hurst-Arellano
28672980,0788383124,West Susanstad,31685,705 Stephen Port,247,"Dunn, Carter and Smith"
77403767,2881103522,Lambertburgh,94783,65835 Malone Ranch,273,"Andrews, Allen and White"
99841290,0998622231,Lake Dawn,95255,3513 King Ford Suite 794,35901,Gonzalez-Barnes
78079700,7335224132,North Kyleborough,82942,4902 James Roads Suite 949,2738,Rice-Lowe
64764069,2386818183,Vargasland,92827,9801 Olivia Center Apt. 142,569,"Stein, Mcgee and Garrett"
87075126,6955373821,Williamsberg,43052,2436 Robert Key,31819,"Hughes, Williams and Mcclure"
53619398,9138286802,New Marymouth,53796,39725 Cohen Curve Suite 740,524,"Baker, Garcia and Barker"
66242820,1075879887,Meadowsshire,32543,2109 Jason Rue Apt. 895,717,"Rivera, Perez and Ortiz"
98305709,2290068266,Cookport,12415,058 Williamson Squares,61245,Odom-Woodward
49570386,2501387640,Brownborough,55639,609 Yang Well Apt. 704,5210,"English, Lang and Davis"
14798114,4034700035,Port Dustinmouth,42715,2353 Brandon Trace Suite 930,0455,Shelton PLC
08937157,1894661461,Courtneyburgh,97998,11329 Gross Street,958,Williams Inc
47270438,9257073102,Huertaville,68959,047 Kenneth Falls,13281,Owens-Mcgrath
02807425,1269347820,Latashamouth,37897,82596 Laura Mills,8595,Roberts-Harmon
04761384,9185059605,Lake Raymondton,99554,69961 Diaz Mountains,1928,"Ramos, Ritter and Williams"
32976172,5239505272,Port Laurashire,07741,5379 Saunders Center,6458,Bailey-Frye
92349893,9754002208,Port Patrickside,12922,1293 Andrea Green,598,Garcia Ltd
83568525,9370136194,South Timothyhaven,51481,36971 Jackson Lane Suite 010,7415,Hernandez-Stafford
63348812,6297940915,Tannerberg,06802,244 Bryant Squares Apt. 779,5977,Kerr Ltd
55575270,5819497719,Moorefort,08194,366 Jeanette Light,65501,"Smith, Gonzales and Robinson"
60533442,8718900774,Gallagherburgh,55283,244 Theresa Curve Apt. 928,636,"Yates, Sanders and Vincent"
18853138,6535917180,Meyersfurt,99683,24283 Jesse Passage Apt. 918,20821,"Carter, Fritz and Zimmerman"
12522033,4604629209,South Crystal,44754,578 Christopher Common,30601,Watkins PLC
86686616,5188565265,Lake Amy,63225,9704 Jones Ports Apt. 540,548,"Jones, Best and Jones"
74448147,7508017944,Jerryview,05151,9679 April Rue Suite 439,8135,Thompson-Lyons
13559996,5464408508,South Cassandraburgh,11864,0718 Merritt Hills Apt. 408,040,"Jones, Rodgers and Smith"
37757484,4138904571,New Meagan,23784,51915 Mikayla Mountains Suite 190,38912,Schwartz Group
76611701,6177931739,Port Vanessa,33931,3650 Harvey Mountain Suite 933,96902,"Lawrence, Marquez and Woods"
93024761,4760343584,New Pamelamouth,48012,4489 Juan Trace,99609,Taylor Group
88535692,2589271150,West Kristenton,73481,7416 Stephanie Drives Suite 125,5768,Chandler-Phelps
62988298,2487122224,New Phillipview,53294,078 Steve Squares Apt. 030,37983,Brown and Sons
55608730,8183727157,East Eric,64411,1948 Pierce Square Apt. 464,648,Gregory PLC
92451094,7886894202,Meganville,53418,556 Thompson Mission,585,"West, Long and Avila"
30234710,4878548058,East Christine,97948,7580 Thomas Highway Apt. 704,3722,Steele LLC
81703981,0386652885,Christophermouth,41887,0455 Henry Camp Suite 244,0013,Webster-Harrison
10795645,1825443744,South Jose,65325,6622 Silva Place Suite 925,746,Davis-Baker
14591622,7464389767,Taylorstad,88738,704 Joseph Estates,32012,"Rivera, White and Woods"
21219242,0028627728,Skinnerton,88438,0467 Perez Brooks,31210,"Terry, Jones and Martinez"
61653861,9966304437,Lisastad,75294,15310 Yang Drives,7496,Smith Inc
67118872,5404746750,New Karen,38025,2658 Porter Square Suite 141,55354,"Robles, Harris and Erickson"
07280188,8119464151,Dennisfort,95174,878 Heather Ranch Suite 938,030,Burke Inc
33583962,4787441674,Lake Elizabethhaven,62154,8320 Johnson Common Suite 494,1979,Thomas Ltd
79193190,3696691118,Hendersontown,02888,500 Dunn Crossing,5328,Berry-Ray
46999782,9635033699,East Glendatown,99928,668 Brian Heights Suite 299,1105,"Roberts, Goodwin and Hill"
21040041,6952823809,New Michelle,10850,154 Smith Place Apt. 467,4234,Kramer-Smith
65805853,2978082796,Salasberg,67529,438 Barrera Motorway,44878,Castro-Peterson
57997703,4263327688,Benjamintown,11016,633 Mcdonald Wall,5128,Wang-Watson
35615836,5006837466,Port Jesus,99037,696 Ingram Route,1349,Morris LLC
81930107,4505991292,West Jonathanfort,74300,96045 Robinson Knolls,607,Kelly-Tucker
51066421,8210974757,Brandonfurt,27432,40056 Ford Crossing,984,"Taylor, Anderson and Strickland"
53758919,8572970425,Morrisfort,69230,01334 Jacob Plain Apt. 758,8045,Decker-Maldonado
73234414,8353386204,Choistad,11661,924 Davis Green Apt. 787,773,Friedman Group
43721543,7827513639,Sloanburgh,44986,80189 Riley Avenue,87321,"Jordan, Stevenson and Dunlap"
80213831,7499814473,West Racheltown,09706,9538 Pacheco Drive,09148,Parker Group
10848790,6980783355,New Jennifershire,61056,369 Yang Burgs Suite 458,15072,Eaton Ltd
53696028,7716304791,Skinnerborough,25868,89592 Veronica Walks,47190,"Eaton, Taylor and Martin"
25939475,9431893629,Timothystad,03350,02442 Fernandez Parkway,56118,"Holmes, Banks and Miller"
50439275,2366053298,Gregoryton,22966,4506 Courtney Fork Apt. 546,3209,"Castillo, Bailey and Johnson"
36522434,9562107955,New Kimberly,36685,08802 Amber Turnpike,479,"Harris, Roberts and Smith"
40347276,9145008792,New Julie,08002,8643 Wood Lake Apt. 760,0138,Cruz-Hudson
72538587,2109674003,Lopezburgh,34105,644 Mary Parks Suite 779,2845,Lee-Jones
84644091,3135201348,West Kimberlytown,16629,6345 Jeffrey Cliffs Suite 538,817,"Allen, Morrison and Davis"
71952433,0758052541,Boydtown,24163,55825 Jessica Court Suite 435,8677,"Roberts, Perkins and Johnston"
29001633,9904434357,Port Karina,74609,8910 Burns Prairie,081,"Hunter, Adams and Ingram"
96678866,4488943039,Smithmouth,15474,6424 Miller Cape Suite 802,43053,Miranda PLC
60194062,9448007285,Port Peterbury,12570,012 Kimberly Ports Suite 501,6512,"Nelson, Reese and Chavez"
31745945,4515181090,New Scott,70734,295 Welch Turnpike Suite 234,99406,Tapia PLC
60032215,9597224580,New Johnny,84777,4136 Sierra Parks Apt. 704,688,George-Barnett
85086320,2753747119,Port Edward,39645,934 Patrick Plain Suite 031,31714,Harrison and Sons
00230001,7826951114,Alvarezchester,18779,341 Jonathan Villages Apt. 704,5689,"Fuentes, Wilkins and Clark"
46063001,8018595981,North Amberfort,00614,12900 Wilson Springs,000,Smith-Taylor
10387913,6708290629,North Andrea,46603,920 James Keys Apt. 337,2748,Parsons Group
18649063,3532892970,Shawmouth,75688,18820 Herrera Haven,93300,"Mullins, Miller and Weber"
12219566,5170977823,North Jesse,89844,47277 Holmes Ford,9439,"Marshall, Barker and Miller"
75057848,8885722186,West Olivia,42702,63183 Rebecca Hollow,1658,Vargas-Lewis
79123056,5559030317,Nathanmouth,45807,108 Perez Pine,13247,Davis Ltd
98968026,4334576010,East Cynthiahaven,90024,03528 April Islands,62460,"Gonzalez, Love and Evans"
97068316,3048028510,New Ashley,41744,53717 Holmes Point,722,"Gonzalez, Mueller and Rowe"
78978908,0622055061,Kentton,16785,2394 Murphy Spurs,785,Douglas Inc
97239844,4093426600,Washingtonstad,49529,210 Wilson Passage Apt. 973,25112,Rose Ltd
29381146,4109286146,Johnsonville,82222,3407 Christopher Wells Apt. 979,6235,Gonzalez PLC
45202717,9187385942,Freemanborough,02084,269 Fuller Knoll Suite 075,176,"Reed, Washington and Bauer"
46873863,1560965890,North Ronaldfort,14140,644 Allen Stravenue,78349,Stafford-Hicks
26917675,0172114021,Lake Jesse,24217,413 Jensen Drive Apt. 073,7741,Daniels-Mcintyre
59162275,4892083370,South Shanefurt,00673,209 Alicia Village,7921,Jones-Herring
67353662,9982378483,Pamelaville,71461,3869 Wood Port,8826,Huff-Ryan
84469040,2238333315,East Pamelaburgh,74075,939 Hull Road Suite 610,493,Dudley and Sons
29657798,6182659522,East Susanstad,35131,64145 Michael Mountains,469,Davis and Sons
57456910,3747182187,West Dana,03101,0694 Mitchell Mount Apt. 596,576,"Harris, Jackson and Smith"
55616077,5838673011,Jeffreymouth,91630,06249 Bowen Viaduct,920,"Gross, Williams and Flowers"
77841678,2867962404,New Rachelport,67075,019 Wheeler Highway,47544,Hernandez-Crawford
79065344,4945627652,Rosstown,74605,559 Kathryn Isle,259,Jones-Howell
50033830,8079896987,Donnaborough,18281,4896 Gonzalez Spur Suite 246,095,Giles-Hernandez
52983147,0243189833,Racheltown,32538,609 Sanchez Fields,90525,Harris-Moore
27334344,8069672898,Port Alyssa,79696,9259 West Summit Suite 966,2143,Mckinney-Kennedy
41578063,0455612372,New Justinburgh,63608,03285 Morrow Crest,29028,"Mosley, Meadows and Branch"
68973255,2306711559,Vincentmouth,72498,79827 Cooper Street Suite 470,699,Fields-Gregory
13633246,6605463482,Lopezmouth,61990,28206 Kyle Meadows Suite 483,443,"Foley, Evans and Maldonado"
79740601,9218965643,Hernandezberg,15078,36227 Anne Circle,2431,Holland-Sanders
12748083,9080547387,Teresafort,66567,722 Miller Crest Suite 776,33974,"Simpson, Schmidt and Lewis"
66379053,2089082294,Fordstad,78095,70723 Davis Spurs Apt. 542,833,Murray-Russo
66047443,7126885438,North Tommyborough,83911,09960 Kim Extension Apt. 163,2937,"Anderson, Alvarado and Velasquez"
18278865,8263119163,New Kimberlyburgh,25517,2201 Silva Corners,20878,Jordan and Sons
91898742,3343510349,Janiceport,39226,2131 Goodman Row Apt. 719,64638,Hendricks-Wood
71830057,2267176213,Port Joshualand,15413,9825 Regina Squares Apt. 322,3395,Young-Riley
22702937,5713466568,Lake Phillipmouth,57254,614 Tracey Prairie Suite 686,75819,Khan-Mitchell
48215211,9397784869,Port Michelle,02029,3414 Blake Plaza Suite 614,6685,Luna Group
06647965,5033678628,New Anthonyville,05720,887 Perry Prairie,46785,"Everett, Rivera and Perez"
45104149,4010708571,Bassborough,84547,814 John Mountain Suite 348,23842,Dixon-Jones
67694188,9529472065,Melissahaven,32768,465 Russell Center,87149,"Chen, Hurley and Spencer"
74063591,6938974061,Jamesburgh,16770,45604 Thomas Inlet Suite 622,53129,Payne LLC
08806998,8673798247,Mariabury,05531,093 Thomas Landing Apt. 230,32439,"Mcdonald, Boyd and Stevens"
99399148,2641159286,Lake Natalieville,79589,3682 Thomas Street,729,Maldonado-Watson
51473413,9805450861,Port Joannatown,35493,078 Breanna Highway Suite 481,16750,"Mann, Jones and Hammond"
57748542,0535924405,Josephshire,45231,827 Jeffery Camp,853,Lucas LLC
04937666,4187712963,Burchstad,74647,0603 James Path,50567,Wright-Obrien
95188356,7228171946,Richardside,12611,812 Whitney Crossing Suite 559,54334,Christian-Graham
81450628,5715919501,Breannaberg,90197,3181 Tonya Haven,5347,Pierce-Hall
97536204,4390475573,West Tamara,12778,591 Gregory Villages,2928,"Moore, Harris and Webb"
27906049,3558897281,Dominiqueport,32278,302 David Centers Suite 340,66634,Durham-Richards
03024366,8398641295,Princefurt,09650,97878 Jessica Branch Apt. 632,4545,"Brown, Hall and Price"
72956084,6972778330,Lake Stephanie,07925,242 Alexandra Neck,6648,Smith LLC
65892372,2069127460,Nicolehaven,66144,991 William Parkways Suite 870,4036,Dixon Group
12311686,8608044698,South Kennethview,30899,16774 Kenneth Views,82554,"Miller, Mccoy and Mitchell"
86853195,5190862959,New Anthonyborough,83100,21968 Logan Roads,39062,"Contreras, Marsh and Dominguez"
22630266,8530554708,South Pamelaview,65906,61776 Hammond Landing,3455,King-Harmon
40197197,5921807059,Elizabethtown,56724,1520 Heidi Wells Suite 433,509,"Bowman, Jones and Orr"
13962083,4157607828,South Brandonport,42182,57750 Tiffany Keys Suite 349,057,"Murphy, Berry and Terry"
16200308,8715228775,Louisburgh,17040,8899 Kelly Court,40297,"Hill, Cantu and White"
58877432,5267489083,West Christopherberg,40274,5707 Gregory Field Suite 556,23202,Robinson-Blevins
16505223,6630961745,Burchfort,04596,5503 Gary Tunnel,1106,Mccoy and Sons
15819796,7893618110,East Chloe,68193,745 Steven Ports Suite 271,105,"Rios, Summers and Owen"
79576183,7580882647,New Brenda,88024,825 Romero Stravenue,9387,Jenkins PLC
66505799,4713832682,East Brittanytown,62353,442 Cheryl Way Suite 984,3946,Burch Inc
77852925,0460883202,South Juliamouth,68565,6442 Dominique Prairie Apt. 062,382,Hill-Bean
38518088,1401338708,Erinfort,25452,5130 Wilson Court,5610,"Williams, Brown and Watkins"
42144885,0531098395,New Johnton,01005,614 Andre Views,461,Mitchell-Hurley
98400082,3267639978,Lake Stephen,88333,324 Wilson Streets Suite 079,26887,"Walker, Oconnor and Robles"
43473494,1282546290,New Becky,23801,098 Estrada Mountains Apt. 413,200,"Owens, Houston and Harris"
40036365,7106316766,Longton,43296,572 Garcia Points Apt. 396,652,"Graves, Landry and Adams"
91039418,8185976825,Lake Mary,55280,531 Heather Burg Suite 893,5985,"Lee, Cunningham and Edwards"
37843383,2306383220,Port Vanessaburgh,02918,65992 Thompson Field,53666,"Newton, Walker and Odonnell"
67487167,6274724675,East Bonnieton,08791,83317 Hart Extension Apt. 387,7130,Garcia-Greer
00355418,0127453471,New Douglas,95163,3083 Deleon Springs Suite 593,6501,Orozco-Cooper
16621602,7071308211,Lake Gregory,96926,130 Anita Mission Suite 341,275,Harris Inc
68755758,1475369323,South Daniel,88337,5198 Tyler Glens,4567,Ashley-Jones
12539171,6353806824,New Jonathanberg,93840,821 Nicholas Fort Suite 310,19188,Harmon-Williams
51041834,7868634246,Andreberg,29125,683 George Plaza,700,"Ray, Knox and Smith"
34687685,8584656759,Port Priscillaland,99576,2759 Floyd Extensions,130,"Flynn, Johnson and Dixon"
93478172,6378686804,South Jamesborough,76888,3493 Rodriguez Shore,895,"Atkins, Bryant and Hanson"
18136908,2316900951,Richardchester,20191,70509 Robinson Gardens Apt. 722,793,Walker and Sons
43789464,2558893290,West Patrick,24578,22358 Joshua Bypass,940,Bates Ltd
85742773,1631310492,Campbellport,72496,0526 Brian Freeway,38936,Mahoney-Watts
30600025,7692583054,North James,42882,00901 Hill Prairie,390,Palmer-James
84143899,2158307281,Kimberlymouth,63734,353 Theresa Meadows Suite 656,9310,Porter PLC
97211417,9507657000,Hamptonchester,84879,724 Brett Tunnel Apt. 314,3176,Hebert-Reed
16215724,6477029591,Port Martin,39274,3154 Hartman Groves,86672,Thompson Inc
54185274,2136064050,Mannborough,63110,24172 Durham Knolls Apt. 563,919,Collins and Sons
36352282,5252704258,South Tracy,72564,8158 Hall Parkways,649,Brooks LLC
43118790,0599759410,Raymondside,81647,292 Russell Heights,0212,"Murray, Gilbert and King"
49308828,8761275009,Jonathanside,34090,14755 Ryan Way Apt. 165,16241,Nichols and Sons
99602717,5442765178,Lindsayfort,67610,488 Hensley Forks,4778,Brown PLC
66639159,1384959066,South Elizabeth,83372,899 Michael Plains Apt. 728,20571,Harrison-Bryant
25452685,0405812697,Davidburgh,94532,5889 Scott Forge Suite 736,790,Campos-Pruitt
29429308,4911931232,South Amy,45251,65164 Freeman Branch Suite 136,4199,"Roberts, Barrett and Ruiz"
98188670,6137947662,Debrabury,73546,479 Brian Avenue Apt. 804,08148,Mitchell-Bass
77383204,2179651101,Mathisfort,83147,84666 Benjamin Common Suite 364,962,Buckley LLC
99002148,1707954462,Lake Stephen,13034,971 Stephen Burgs Apt. 214,5288,Robinson Inc
95357416,0459063603,Lawsonhaven,82078,173 Mosley Turnpike Apt. 226,0739,Torres-Ramos
64491609,1138349536,Maryberg,23976,784 Cross Views Suite 253,5673,Jackson-Yu
02288499,0951533254,New Kevinborough,68704,34523 Palmer Wells,4395,Robinson PLC
75875507,2854564586,Nelsonside,62081,0226 Cynthia Throughway Apt. 702,2955,"Jones, Jimenez and Lucero"
42938873,0226989512,Port Lynn,09141,7008 Flores Burg,020,Thomas-Bates
79052029,2643630077,Debraburgh,64243,824 Rick Streets Apt. 190,49512,Melton Inc
52159816,0725245578,Vasquezborough,86712,2261 Horn Oval Apt. 433,997,Boyd-Perez
26482146,1481663600,Hernandezside,96266,68207 Paul Ridge,79333,Horn PLC
53159768,1112686048,Emilyside,61848,045 Kelly Way Apt. 601,1770,Jackson-Pierce
21368828,2379624053,Lake Michaelhaven,82957,0412 Brown Key Suite 201,90143,Dyer Group
41245774,4098461564,Barryberg,27105,1796 Scott Brooks,419,"Knight, Hernandez and Trevino"
69119515,4944558788,Julialand,20785,607 Nelson Track Suite 492,1534,Pierce PLC
05627230,5161368042,South Vanessa,69922,607 Stephanie Harbor,13847,Knight PLC
67469265,8664482149,Port Lindsey,55157,95590 Jones Well,988,Rodriguez LLC
63654655,6625375160,North Michaelfort,66274,945 Samuel Parkway,662,Salas LLC
33571027,3605512242,Curtisfort,17598,72001 Adam Spring,022,Martin-Vaughn
36395820,6662310046,Douglasville,82902,707 Smith Hills Suite 765,1919,"Phillips, Lawrence and Price"
34768840,8512083844,Kevinland,15854,23108 Barr Spring Suite 292,02670,Ballard-Jimenez
82753853,7016672410,Brianshire,70115,9002 Mack Canyon Apt. 770,107,Wilson-Blair
90688017,7821120339,Port Tammytown,84182,297 Jensen Parkways,05711,Lindsey-Acosta
36705441,9084009063,Brooksfort,07872,33968 Julie Wells,0494,Johnson-Henry
06949170,2438899457,West Steventon,94684,70510 Lopez Crescent Apt. 147,516,Fox Group
81083253,6975049319,East Alanville,14325,3888 Drake Circle Apt. 846,3016,Gutierrez-Sanchez
54433223,2169525515,Josephside,58251,9393 Grant Streets,2915,Bishop-Thomas
77417605,6608584400,Dianaside,31698,4150 Villegas Viaduct Suite 343,947,Guzman and Sons
48453683,2720644440,South Joshua,67082,797 Romero Parks Suite 206,28785,Fisher Ltd
23909518,7397301173,Lesliechester,86470,40819 Kimberly Divide Apt. 331,9154,"Hubbard, Cole and Price"
17001880,8424818420,Morriston,91811,38894 Michael Flat Apt. 651,347,Matthews Ltd
05314900,3056587755,Thompsonland,18205,323 Frazier Mews,6304,Edwards-Lee
83301972,0584698576,Port Joel,99526,9180 Haley Mill Apt. 558,9073,Dickerson PLC
98514649,3531689035,Andrewsburgh,84925,7467 Rachel Street Suite 154,734,Todd-Gray
45467783,2046658286,Goodwinville,16822,884 Veronica Rest,89088,"Roberts, Owen and Williams"
07618910,1747480464,Chelseashire,68042,970 Higgins Way Suite 387,7456,Baxter Inc
65179328,5125850346,Rodriguezborough,02059,4254 Berry Alley,44995,"Wilson, Davis and Reynolds"
30871236,9925482841,Lake Tylerberg,09904,585 Thompson Via Apt. 978,0286,Watson Inc
30558728,4743476334,North Tiffany,74277,7595 Navarro Streets,4704,"Campbell, Brown and Brown"
55664030,0127252708,New Alan,35478,265 White Terrace,7064,"Williamson, Ramos and Hall"
21499736,8203158992,Jimenezberg,20608,60788 Giles Harbors,5790,"Franklin, Patterson and Lopez"
45620364,7662855464,North Ericview,36452,3992 Trujillo Trail Apt. 718,55157,Montoya-Maddox
82158447,1844086930,South Nathanfort,61714,760 Deborah Club,771,Howard Inc
63915231,1473922707,Jonesview,57163,655 Heather Coves,7074,Allen Ltd
40076314,5740379287,Parrishmouth,66076,796 Pittman Street,45018,Campos-Campbell
39467542,4302017865,Changtown,86298,780 Matthew Isle Suite 117,42815,Singh LLC
76430030,7344278277,Acostatown,63469,8119 Foster Dale,2530,Park-Jimenez
07589948,5017808765,South Lindseyhaven,10090,79781 Alexander Street Apt. 855,4554,"Smith, Young and Adams"
49420243,2029384940,Anitaborough,12783,7293 Craig Station,25528,"Hansen, Thompson and Moore"
26214213,7568073271,East Sarashire,90350,383 Pennington Gateway,657,David-Obrien
80979880,9931853789,New Juliefurt,79416,0344 Scott Garden Apt. 842,6912,"Rivera, Reeves and Zimmerman"
16890754,8902610088,Port Sarahmouth,90667,093 Dalton Vista,101,"Flores, Stout and Shelton"
14525244,5803513984,Lake Jessica,05736,1564 Boone Streets Suite 219,3092,Webb-Williams
90513127,5339829472,West Aaronland,34429,306 Robert Ville,579,Gardner LLC
01722045,2898410517,West Paul,43040,8649 Rowland Skyway,08069,Henderson-Diaz
48463940,6307982700,South Selena,71771,56438 Schroeder Roads Suite 461,612,Clark and Sons
67580884,7071891314,Lake Linda,21087,663 Joseph Forks,894,"Klein, Hancock and Vazquez"
48087738,0906051177,Georgeburgh,59988,4982 Hall Village Apt. 490,7163,"Gordon, Sanchez and Murray"
96704529,1170082319,Boyerburgh,48828,329 Diane Highway,04237,Rodriguez PLC
88501211,6148961070,North Jamesstad,53288,90387 Walsh Street,28095,"Montgomery, Smith and Scott"
65331352,9786656090,West Paulchester,61172,547 Joel Field Apt. 445,423,"Sanchez, Kelly and Mayo"
53951763,5214580843,Lake Paulfurt,75681,96956 Chandler Trafficway,35345,Coffey PLC
74197333,4663644375,Silvaview,81393,44791 Krista Underpass Suite 306,1377,"Smith, Lopez and Brooks"
31562559,5064968979,Gibsonhaven,46741,89513 Hickman Lane Apt. 967,00400,Smith-Jones
63902769,1908365441,Lake Maryborough,47562,5830 Edward Road,75740,Kelly-Coleman
07011046,6635727562,South Albert,13982,955 Moore Plaza,17403,Bradley and Sons
46112569,1754925207,Mortonside,17520,58068 Justin Lane Apt. 703,5367,"Smith, Rodriguez and Johnston"
96674744,6016185861,East Amandamouth,80800,38748 Kelli Burg,7230,Gray-Mcdonald
32405557,0908013127,East Williamburgh,52170,491 Torres Inlet,85335,"Mcdonald, Burgess and Franklin"
06304492,1074703220,New Ryan,95032,20474 Dawson Pine Suite 396,373,Williamson-Johnston
16834615,9019658373,Jenniferfurt,96244,2846 Moreno Burgs Apt. 550,34673,"Reynolds, Nguyen and Cantu"
68290188,5404194414,East Adammouth,43289,64216 Gomez Cliff Suite 985,24728,Johnston-Michael
08428530,0682897893,Smithville,18222,59715 King Vista,785,Walker Inc
46699807,1376067439,New Dianaville,89483,3171 Jamie Ranch Apt. 529,3563,Wright-Williams
70098698,0654637559,Lake Rhondamouth,77210,872 Amanda Spring Apt. 554,4895,"Patel, Anderson and Collins"
10330683,7566283558,Lake Austinville,25757,48388 Patricia Union Suite 779,2109,Liu Inc
28068984,7087722857,Petersonburgh,88549,10330 Mcguire Lodge Apt. 432,6115,Lam Group
42501672,8862148855,North Alan,70229,735 Nicholas Walk,260,Ross-Mejia
52024230,9224092178,Heathermouth,94256,0583 Hernandez Shores,530,Knight Ltd
79070235,4386883301,Alvaradoshire,07537,273 Anderson Mission Suite 000,0909,Ruiz LLC
17383298,7032974687,Owenshaven,35542,9541 James Walks,976,Vargas-Huynh
48894153,2982999315,West Cassandraport,23390,1986 Colon Extension Suite 463,166,"Bradley, Patel and Long"
78840956,0815635697,South Brian,71394,410 Kara Plaza Suite 361,823,Rojas Group
54952158,4330131221,Bradleyville,55085,115 Beck Isle Suite 884,3652,Morris-Castro
19851922,4545138741,Hollandstad,91147,3840 Moore Island,72501,Case Group
88251038,6509559030,North David,56740,7700 Nguyen Drive Apt. 327,305,Osborne Group
78463540,0801279072,Richardsonburgh,22948,17508 Miranda Coves,23399,"Wallace, Roberts and Wallace"
72360475,4604225220,East Garyfurt,72556,478 Derek River Suite 219,9299,Walker-Hall
31654963,4291695744,Lake Alexandria,79700,680 Martin Meadow Suite 926,896,"Mendoza, Smith and Cook"
76176995,9324976403,Andrewberg,87972,5238 Donna Forks Apt. 141,22900,Bennett-Snyder
64635428,7801977764,New Shelly,06521,199 Jenna Ville,89516,Moore-Oliver
65136430,5930568348,North Debrabury,52151,5462 Anne Lane Suite 766,967,Morrow Ltd
25567811,9115963559,West Nichole,39011,16922 Cruz Plaza Suite 426,01044,Jacobs Ltd
96260126,3079289616,East Brandonfort,64215,9539 Robbins Lane,442,"Bowers, Taylor and Tran"
24939627,2388655408,Carmenshire,66065,04348 Mcdonald Port,8854,Wilson-Hall
14876623,5565130883,Danielport,32377,6837 Katherine Center,28882,"Larson, Hobbs and Hogan"
71158643,8365404991,Jenkinsburgh,94211,79508 Jill Ports,882,"Kirby, Cummings and Roberts"
81054814,4193039679,New Chasemouth,22729,4822 Clark Tunnel Suite 596,5400,Mccoy Ltd
69704855,3782223155,Port Oscarton,33785,24323 Patricia Forge,1832,"Stewart, Clark and Mendoza"
84168452,3708622666,New Jeffreystad,95388,79022 Erik River,48777,"Patel, Fisher and Oconnor"
77493826,2962837798,Shanebury,95125,142 Joshua Isle,57813,"Coffey, Smith and Sanchez"
75836891,0482775123,New Brenda,29756,179 Gomez River,801,Gonzalez-Stewart
16930543,9152379038,Phelpsview,77592,80420 Paul Circles Apt. 641,7940,Pollard-Shelton
37206376,3529247855,New Ryanton,45696,901 Michael Harbor,5865,Orr-Lewis
07940030,7589666138,Amandachester,02415,8759 Louis Turnpike,7322,"Avila, Morgan and Benson"
17631637,5663117475,Kaylamouth,14908,315 Lane Center,646,"Gibbs, Collins and Vargas"
49895057,9408661088,Walkerview,66437,8197 Woodard Mountain,770,Guerra-Duncan
98051081,1121617283,Stacyport,61575,55554 Thornton Estates,0000,"Graham, Roberts and Cross"
87307191,0781396018,Lake Christopherside,74361,596 Holloway Extension Suite 338,911,Reed-Young
41065232,2486431431,Martinfurt,26547,447 Amanda Key Apt. 178,96794,Bowman-Ramsey
60954169,3569194663,West Michellechester,90200,315 Keith Plain Suite 837,70552,Johnson-White
84662359,2489205484,New Jenniferview,33088,66558 David Station Suite 615,76143,"Ali, Jones and Padilla"
62930130,5230701099,South Lawrence,18277,5057 Lisa Glens Suite 703,075,Davis Group
08868244,3567592312,Masontown,84075,88751 Jackson Islands,25362,"Smith, Young and Berry"
36441631,7849311124,South Angela,17580,7389 Garcia Dam Apt. 803,24932,"Jones, Decker and Henson"
32965596,0591273515,East John,80305,67908 David Knoll Apt. 691,270,Arnold-Murray
16678938,9972334312,Matthewburgh,77947,579 Martin Groves,4450,"Myers, Sexton and Guerra"
75063525,9048983348,New Mike,39826,1790 Kristy Ports,04058,Boyd-Harris
33687189,7928528232,Elizabethberg,61329,73500 Hutchinson Brook Suite 549,9404,Miller Group
08103487,5540094143,Teresafurt,92898,2959 Matthew Harbors,673,Hopkins-Blankenship
96456797,5990488006,Spencertown,67773,48971 Denise Highway Apt. 944,0127,Olsen Ltd
84876736,0643039876,Taylorshire,22695,3409 Raymond Stravenue,884,Andersen Group
85423134,3498839931,North Christinefort,87346,21173 Michael Fords,843,"Watkins, Cole and Medina"
64746909,9576973095,North Kevin,75702,0837 William Forks Apt. 338,722,Saunders-Kelly
17661630,6153279005,Diazmouth,36281,647 Anita Oval,08383,"Green, Garcia and Ward"
08918910,8865000624,Wilsonburgh,36373,03219 Avery Viaduct Suite 531,744,Miller-Reid
13230760,7941834502,Christianchester,20091,383 Carpenter Union,9884,"Fry, Crawford and Norris"
38546767,4329434264,North Jenniferborough,04823,21676 Lindsay Island,09183,Hartman Ltd
30034130,9008825861,Port Tyler,22505,711 Jennifer Wall,248,"Schneider, Castro and Henry"
24605807,9297656781,Alexanderport,80319,18191 Robert Bridge Suite 161,66631,Carr-Stevens
18451726,6205144994,East Megan,13967,089 Mcdonald Bridge,39101,Walker-Walker
18062626,7788907479,Jonesport,51441,81258 Timothy Spur Apt. 310,43804,Morse-Hoffman
19619698,9507234458,South Briannamouth,90081,42363 Pamela Island,447,"Hurst, Williams and Anderson"
11130218,3514608165,North Victor,03330,41280 Bob Fall,14455,Miller Inc
85295669,3366430202,Waltonfort,42942,4562 Jean Crossing Suite 807,10109,Patterson-Green
24726242,2442563910,West Marcusside,93906,88979 Jose Springs Apt. 124,1958,Rhodes-Carpenter
18269860,6713890986,Smithfurt,86783,04715 Megan Isle Apt. 419,4658,Maldonado-Solomon
60165459,8666045867,Port Stacey,30700,988 Holder Viaduct Apt. 326,95840,Miller-Carrillo
93310533,8822770682,North Heidi,54735,157 Meagan Turnpike Apt. 541,1237,"Robinson, Stewart and Martinez"
17348528,1209962015,New Thomas,34420,2431 Powell Junction Suite 530,40749,"Cooper, Christensen and Robinson"
51021987,5138947885,Wisemouth,23732,800 Golden Flat,049,Clark-Shaffer
35910404,4259877867,North Scott,53322,726 Morris Spurs Apt. 740,038,Pacheco-Miller
59336729,5677906210,Lopezport,68527,6110 Burke Stravenue,348,Knox-Daniel
70548112,3364334140,Heatherhaven,15481,757 Cannon Trafficway Suite 845,34016,"Bryant, Valenzuela and Maldonado"
72705103,5820199037,South Jamiemouth,51978,01801 Daniel Ramp,7623,Boyer-Morrison
19722173,2226774548,Loriborough,38030,696 Mcdowell View Apt. 532,5526,Brown Inc
58434695,2686835821,Kristenport,00612,54540 Lori Street,45642,Smith Group
60766824,9089461513,West Jeffreyfort,95566,319 Michelle Glens Suite 654,12393,Hanson-Rosales
31028431,8636711388,New Annaburgh,63845,1714 David Oval,085,"Hansen, White and Mendoza"
56060295,1262879009,Millerville,57848,8694 Jade Streets,618,Huynh-Rodriguez
99524278,6786854207,Romerofurt,17199,2874 Patricia Shoal Apt. 817,42849,"Henry, Snyder and Noble"
24433486,4098568146,Juliaport,39705,370 Bell Shores Apt. 982,7279,"Gibbs, Morgan and Miller"
78797365,3915976282,Ariasstad,08319,231 Ethan Falls,57892,Fernandez LLC
14807031,3894767876,Andersonbury,83619,681 Caldwell Circles Suite 822,3076,Johnson Group
52178642,1808453277,Derekchester,73015,6739 Johnson Curve,66114,Robertson-Farmer
27195731,1979813694,East Michael,61337,724 Kevin Islands Suite 326,5104,Meyer LLC
83967396,1719901899,New Vincentmouth,36220,93290 Roy Dale,621,"Kim, Herrera and Murray"
01673079,2875818800,New Gregorymouth,80966,7185 William Cliffs Suite 864,768,Evans Inc
06070570,1495940477,Michaelmouth,82035,08785 Koch Unions Suite 352,5435,Ibarra and Sons
71065983,8654014483,North Robertborough,62386,750 Brandon Spurs,50883,Wilson-Bray
74988551,7916020100,North Erica,02790,8692 Thompson Creek,441,Luna Ltd
01848526,6147070457,East Mary,97931,18796 Kurt Mission Suite 712,02458,"Leach, Hull and Powell"
11066692,9101282415,Seanport,50012,1143 Laura Crest,767,"Crawford, Wilson and Meyers"
94472362,6062702016,North Loriborough,37256,360 Emily Prairie Suite 414,16282,"Waters, Hall and Fisher"
65809701,5093533378,Lake Crystalberg,82307,1221 Harris Mountain Apt. 334,15105,"Garcia, Boyd and Mccullough"
94698121,6304927740,Port Timothy,40197,168 Gibson Avenue,65853,"Horn, Walker and Eaton"
44236647,7982851382,West Matthew,23409,7908 Heather Gardens Suite 018,654,Rodriguez-Woodward
93024091,4480002817,New Anthony,29782,4374 James Run,7782,Woods Group
02220411,9989477817,Parkerberg,21916,882 Erika Way,6070,"Reyes, Myers and Barnes"
86806614,1647354741,Lorishire,28879,95964 Angelica Plaza,595,Chavez-Mills
71662479,2890205184,Omarton,63001,8240 Duran Crescent Suite 102,75718,Carter Inc
54553025,4421209094,South Lisaville,68222,667 Anne Mills,288,Pearson-Moore
50681538,2274088802,Stephenmouth,67892,8402 Smith Manors,60115,Freeman Group
53486213,4441293481,Jonesmouth,42272,0360 Davis Trail,238,Rowland-Briggs
81411894,4076497967,New Kevin,45014,854 Simpson Port,55967,West-Park
87832138,2385005407,Port Keith,89254,9786 Marshall Overpass,173,Mcguire Inc
00045469,6545039037,New Kristi,72758,765 Diane Freeway Apt. 294,63270,Robinson Ltd
97728071,8184639423,Gonzalesstad,11563,803 Jennifer Trail Apt. 901,56237,Simmons-Morrison
38464131,5168182308,Vincentborough,42909,36768 Kaitlin Ville Apt. 747,3390,Ross-Mitchell
93191594,8356377670,Port Kristaborough,58609,46463 Merritt Squares,2393,Wilson-Knight
38327018,2240346943,Helenton,05400,76935 Simpson Creek Suite 034,1509,"Khan, Lewis and Thompson"
98164275,3408329618,Martintown,95786,47259 Andre Canyon,129,Yu-Dominguez
