40,Cross-group client-server collaboration Health Program,18961875,76589094
50,Extended mobile matrix Health Program,16094080,13716518
64,Fundamental analyzing knowledge user Health Program,19326889,30796431
37,Multi-layered 4thgeneration customer loyalty Health Program,65261965,12672602
37,Distributed impactful archive Health Program,10660245,67004056
38,Organic user-facing Local Area Network Health Program,81507531,44929455
93,Up-sized human-resource product Health Program,71966528,46015301
3,Distributed multi-state support Health Program,30982992,11510668
79,Compatible clear-thinking knowledgebase Health Program,69794375,19560409
36,Phased web-enabled frame Health Program,97949477,32651446
37,Automated solution-oriented data-warehouse Health Program,36069697,54530331
47,Devolved hybrid leverage Health Program,25371902,18806696
91,Robust methodical secured line Health Program,76476955,43103525
77,Public-key eco-centric model Health Program,16579533,63218758
50,De-engineered 5thgeneration array Health Program,07067282,50679719
53,Visionary analyzing parallelism Health Program,85057611,25464788
15,Ameliorated real-time database Health Program,19917740,53484334
10,Distributed neutral encoding Health Program,10568691,55512238
33,Expanded content-based system engine Health Program,14480671,39777440
66,Innovative leadingedge Internet solution Health Program,54210130,15617971
17,Customer-focused uniform frame Health Program,32059028,21642697
80,Team-oriented value-added attitude Health Program,65130609,23561627
27,Profound even-keeled superstructure Health Program,91677336,31633649
61,Mandatory optimizing service-desk Health Program,37506693,38967227
62,Multi-lateral local interface Health Program,40698540,53495048
59,Assimilated static neural-net Health Program,21186657,40166796
91,Virtual disintermediate time-frame Health Program,23525426,84638686
70,Persistent full-range complexity Health Program,16547477,31266170
40,Customer-focused bi-directional initiative Health Program,51439906,26020816
47,Public-key static moratorium Health Program,91730500,11739680
76,Ameliorated dedicated leverage Health Program,77812494,59544704
66,Exclusive interactive interface Health Program,80890233,24201170
44,Digitized global projection Health Program,98224562,13564361
1,Vision-oriented discrete knowledge user Health Program,46271148,34320255
21,Self-enabling grid-enabled project Health Program,96313760,76201015
8,Centralized methodical strategy Health Program,41579497,89594972
16,Intuitive context-sensitive adapter Health Program,31281552,05828264
49,Ameliorated eco-centric utilization Health Program,77028375,66877986
5,Grass-roots uniform contingency Health Program,64832815,76502372
3,Up-sized multimedia parallelism Health Program,84421495,86653202
88,Open-source encompassing application Health Program,44839552,42264970
45,Devolved methodical capacity Health Program,53002475,81195078
91,Advanced content-based implementation Health Program,01920863,17574746
35,Diverse leadingedge open architecture Health Program,11370007,64933362
81,Stand-alone national adapter Health Program,65132642,13124999
67,Polarized fresh-thinking artificial intelligence Health Program,23598892,11248895
20,Seamless bi-directional benchmark Health Program,78398576,18058159
79,Proactive homogeneous synergy Health Program,95137610,13988482
53,Right-sized human-resource algorithm Health Program,48012905,15309603
69,Open-architected holistic algorithm Health Program,69224193,79452106
56,Reverse-engineered value-added framework Health Program,60308557,85303800
24,Streamlined reciprocal approach Health Program,16107329,02129853
77,Integrated mission-critical utilization Health Program,67069472,56137166
64,Monitored context-sensitive frame Health Program,90386091,30597008
45,Assimilated local definition Health Program,32369864,06563466
41,Configurable well-modulated paradigm Health Program,47410437,29710623
38,Progressive eco-centric service-desk Health Program,31636173,60109110
67,User-centric neutral capability Health Program,85797388,22934727
35,Mandatory actuating forecast Health Program,70186449,77072612
1,Upgradable coherent architecture Health Program,30320451,13688151
27,Enhanced 6thgeneration concept Health Program,02535730,85332269
57,Streamlined modular task-force Health Program,45783159,21673272
66,Open-architected intermediate collaboration Health Program,97484924,40426589
78,Synergized bi-directional framework Health Program,38467288,86141796
32,Expanded bottom-line project Health Program,05912670,37432279
61,Cross-platform motivating challenge Health Program,60260597,78586476
72,Face-to-face intermediate paradigm Health Program,68443770,61016028
52,Intuitive intangible frame Health Program,97957671,40069949
20,Stand-alone multi-state leverage Health Program,85871645,17678594
74,Reverse-engineered multimedia orchestration Health Program,57436046,40690174
97,Customizable multi-tasking concept Health Program,99119297,33511212
21,Open-architected leadingedge budgetary management Health Program,37466197,71207464
30,Sharable analyzing application Health Program,30144119,53365767
88,Progressive optimizing interface Health Program,14489418,39531970
31,Proactive needs-based alliance Health Program,16447816,06849974
32,User-friendly mobile protocol Health Program,90524276,60405899
54,Grass-roots intermediate synergy Health Program,10434091,27692382
89,Enterprise-wide well-modulated core Health Program,89046313,62619249
94,Profit-focused systematic throughput Health Program,87157280,47809838
27,Ergonomic neutral workforce Health Program,88055095,24312796
50,Managed intermediate portal Health Program,78943734,96323903
52,Switchable maximized encoding Health Program,97601950,21456164
91,Fundamental value-added Internet solution Health Program,58982129,22579244
51,Robust explicit encoding Health Program,18959348,77289083
51,Re-contextualized secondary benchmark Health Program,28416930,66144010
64,Operative logistical interface Health Program,90121918,29205807
27,Extended contextually-based system engine Health Program,75533979,20507409
97,Synchronized bandwidth-monitored projection Health Program,68064169,42918744
27,Cloned modular architecture Health Program,95497469,00776788
66,Sharable clear-thinking product Health Program,30482745,31741329
72,Profound human-resource secured line Health Program,23657055,21087237
8,Extended empowering leverage Health Program,86543671,65748344
39,Configurable 24hour infrastructure Health Program,95945936,65358656
52,Organic 24hour service-desk Health Program,86844967,21232839
7,Advanced tangible interface Health Program,44684799,98764221
8,Virtual asymmetric architecture Health Program,19102493,07785634
73,Switchable interactive portal Health Program,50894165,62993368
3,Up-sized full-range contingency Health Program,99514223,37768564
70,Profit-focused 5thgeneration open system Health Program,42689596,64899633
18,Digitized upward-trending implementation Health Program,68673515,73915932
13,Enterprise-wide clear-thinking neural-net Health Program,24844115,37302380
86,Multi-layered static attitude Health Program,97053964,45543250
11,Synergistic dedicated capacity Health Program,89696606,91413383
32,Advanced multi-state intranet Health Program,32241564,90696318
47,Realigned solution-oriented pricing structure Health Program,14231451,47595432
44,Open-source bi-directional time-frame Health Program,36164897,13186781
29,Secured dedicated orchestration Health Program,22058926,79109700
9,Synchronized asynchronous time-frame Health Program,96153258,69261650
40,Streamlined responsive implementation Health Program,24595228,25570359
30,Versatile reciprocal intranet Health Program,12806528,07433279
72,Self-enabling global array Health Program,40404535,38041217
17,Ameliorated non-volatile synergy Health Program,18476461,67059782
95,Monitored composite framework Health Program,29301360,73631252
81,Cross-group multi-state capacity Health Program,57447755,05924575
56,Reactive demand-driven firmware Health Program,98971536,20136251
28,Focused disintermediate leverage Health Program,01547484,63940601
64,Programmable reciprocal superstructure Health Program,51907147,45027756
59,Streamlined cohesive access Health Program,25677109,80387215
60,Distributed zero-defect customer loyalty Health Program,74034751,81734539
38,Intuitive attitude-oriented flexibility Health Program,91632712,18170935
47,Customizable multi-tasking leverage Health Program,53088073,52573120
64,Cloned object-oriented approach Health Program,05651477,28629823
62,Polarized explicit project Health Program,06547076,15398621
19,Proactive didactic instruction set Health Program,46352812,41048956
31,Multi-channeled attitude-oriented adapter Health Program,87193632,77247869
64,Phased non-volatile throughput Health Program,50228082,82277498
28,Progressive background parallelism Health Program,50606236,90683009
65,Devolved demand-driven superstructure Health Program,58516785,35709524
89,Cloned solution-oriented function Health Program,99247406,19624654
5,Advanced hybrid superstructure Health Program,51910076,34416581
82,Optional real-time attitude Health Program,91750722,67350961
83,Adaptive grid-enabled Graphic Interface Health Program,09192384,47485096
96,Realigned mobile moratorium Health Program,08529862,78875448
61,Diverse methodical monitoring Health Program,20214466,69234606
41,Polarized bandwidth-monitored parallelism Health Program,90516696,59661227
87,Organic systematic system engine Health Program,75762265,28860941
93,Function-based reciprocal Internet solution Health Program,50605586,92703750
61,Distributed cohesive protocol Health Program,60140682,58207886
85,Diverse 4thgeneration project Health Program,41612830,57818769
13,Managed scalable forecast Health Program,86178880,83399081
47,Operative motivating process improvement Health Program,12126767,04404922
93,Progressive next generation contingency Health Program,17083327,44476468
11,Polarized disintermediate monitoring Health Program,91312538,55774411
37,Monitored analyzing process improvement Health Program,40261210,28672980
33,Profit-focused actuating approach Health Program,02073353,77403767
56,Upgradable object-oriented throughput Health Program,74554850,99841290
82,Universal intangible model Health Program,49031789,78079700
32,Compatible full-range open architecture Health Program,48491676,64764069
100,Organized local policy Health Program,79632954,87075126
19,Secured human-resource hub Health Program,48551800,53619398
55,Phased content-based capacity Health Program,18460141,66242820
45,Cloned zero-defect contingency Health Program,80912265,98305709
86,Quality-focused 24/7 capacity Health Program,44698000,49570386
66,Customizable demand-driven complexity Health Program,52836152,14798114
5,Cross-platform user-facing extranet Health Program,32499919,08937157
97,Programmable dedicated initiative Health Program,06152980,47270438
64,Public-key demand-driven encryption Health Program,84570552,02807425
48,Inverse dynamic capacity Health Program,19556140,04761384
69,Multi-lateral zero tolerance toolset Health Program,22117289,32976172
84,Expanded maximized attitude Health Program,75845196,92349893
46,Configurable object-oriented strategy Health Program,92325506,83568525
82,Assimilated 24/7 infrastructure Health Program,75215130,63348812
80,Sharable high-level collaboration Health Program,67213427,55575270
11,Stand-alone global intranet Health Program,68079754,60533442
39,Function-based multi-tasking data-warehouse Health Program,11776027,18853138
12,Object-based transitional policy Health Program,16004857,12522033
100,Reduced content-based paradigm Health Program,98593453,86686616
5,Re-engineered tangible model Health Program,41246662,74448147
5,Optional discrete methodology Health Program,96972035,13559996
70,Cloned homogeneous groupware Health Program,03778454,37757484
64,Diverse demand-driven adapter Health Program,91882803,76611701
56,Ameliorated bandwidth-monitored application Health Program,16632084,93024761
79,Advanced methodical adapter Health Program,75309081,88535692
5,Stand-alone secondary firmware Health Program,31099527,62988298
27,Quality-focused high-level portal Health Program,18174624,55608730
15,Up-sized tangible complexity Health Program,61923870,92451094
10,Managed system-worthy database Health Program,34297634,30234710
80,Advanced uniform Internet solution Health Program,21502511,81703981
43,Stand-alone systemic challenge Health Program,22280172,10795645
62,Devolved executive challenge Health Program,23060562,14591622
55,Multi-lateral didactic matrices Health Program,78275243,21219242
40,Innovative heuristic neural-net Health Program,19045890,61653861
98,Innovative zero tolerance framework Health Program,55021028,67118872
11,Open-source composite conglomeration Health Program,21366182,07280188
8,Multi-layered explicit extranet Health Program,77917303,33583962
33,Polarized 24/7 support Health Program,63101110,79193190
83,Phased bandwidth-monitored middleware Health Program,09507887,46999782
31,Total homogeneous open architecture Health Program,78762719,21040041
14,Pre-emptive mobile capacity Health Program,98863524,65805853
42,Universal bi-directional solution Health Program,39759508,57997703
51,Virtual encompassing open system Health Program,48850959,35615836
58,Versatile bi-directional toolset Health Program,49314894,81930107
34,Organic fresh-thinking challenge Health Program,63302336,51066421
24,Reactive executive help-desk Health Program,67613247,53758919
84,Seamless scalable Internet solution Health Program,58994454,73234414
54,Phased responsive process improvement Health Program,38656877,43721543
19,Innovative discrete framework Health Program,90877040,80213831
50,Profound upward-trending data-warehouse Health Program,84004069,10848790
36,Devolved bi-directional model Health Program,48005410,53696028
12,User-friendly local infrastructure Health Program,97882453,25939475
25,Vision-oriented disintermediate database Health Program,77221113,50439275
62,Re-engineered upward-trending secured line Health Program,35638806,36522434
40,Organized eco-centric monitoring Health Program,77404962,40347276
32,Up-sized disintermediate solution Health Program,74182132,72538587
88,Reverse-engineered value-added collaboration Health Program,20467431,84644091
29,Diverse interactive secured line Health Program,15780228,71952433
91,Persevering asymmetric artificial intelligence Health Program,81445936,29001633
53,Synergized intermediate methodology Health Program,76153994,96678866
87,Realigned methodical hierarchy Health Program,82494882,60194062
78,Multi-lateral 24/7 access Health Program,70356603,31745945
91,Synergized clear-thinking matrix Health Program,52069042,60032215
29,Configurable secondary synergy Health Program,53273718,85086320
30,Object-based incremental leverage Health Program,83692829,00230001
56,Multi-lateral human-resource structure Health Program,44833133,46063001
83,Networked demand-driven system engine Health Program,32448355,10387913
63,Front-line user-facing projection Health Program,12362832,18649063
49,Devolved logistical paradigm Health Program,06150488,12219566
39,User-centric regional open architecture Health Program,46106458,75057848
39,Quality-focused leadingedge migration Health Program,74818539,79123056
13,Reactive grid-enabled system engine Health Program,98395323,98968026
14,Progressive 24hour strategy Health Program,06504760,97068316
6,Visionary systematic application Health Program,52934867,78978908
50,Ergonomic dedicated archive Health Program,29433998,97239844
2,Total didactic database Health Program,31529524,29381146
63,Enterprise-wide clear-thinking throughput Health Program,89852793,45202717
13,Assimilated holistic process improvement Health Program,58515920,46873863
60,Fundamental scalable forecast Health Program,20314181,26917675
21,Fully-configurable heuristic complexity Health Program,30015296,59162275
65,Re-contextualized mission-critical methodology Health Program,90127642,67353662
13,Extended holistic matrix Health Program,19870249,84469040
63,Advanced well-modulated framework Health Program,45673808,29657798
26,Inverse tertiary knowledge user Health Program,05603045,57456910
56,Progressive composite standardization Health Program,67585934,55616077
99,Self-enabling next generation support Health Program,32183809,77841678
93,Adaptive upward-trending protocol Health Program,71776754,79065344
47,Stand-alone local structure Health Program,73457867,50033830
63,Cross-group discrete array Health Program,77687933,52983147
33,Phased modular system engine Health Program,62742800,27334344
10,Balanced 24hour ability Health Program,25165950,41578063
70,Customizable scalable orchestration Health Program,79401614,68973255
77,Proactive transitional matrix Health Program,90153312,13633246
64,Open-architected exuding customer loyalty Health Program,48839753,79740601
76,Fully-configurable logistical customer loyalty Health Program,43850557,12748083
94,Proactive bi-directional superstructure Health Program,02922275,66379053
91,Phased global secured line Health Program,48571526,66047443
67,Configurable system-worthy database Health Program,58912768,18278865
70,Face-to-face optimal matrices Health Program,44508346,91898742
65,Ameliorated discrete alliance Health Program,08826717,71830057
4,Business-focused systemic infrastructure Health Program,19905498,22702937
78,Universal maximized model Health Program,23075119,48215211
25,Multi-lateral dedicated complexity Health Program,98990802,06647965
1,Up-sized background leverage Health Program,95557076,45104149
23,Streamlined demand-driven access Health Program,05892292,67694188
83,Ameliorated next generation open system Health Program,58010446,74063591
94,Devolved interactive benchmark Health Program,13071165,08806998
33,Organized foreground portal Health Program,53109300,99399148
53,Face-to-face attitude-oriented matrices Health Program,27395637,51473413
11,Adaptive heuristic initiative Health Program,74672718,57748542
35,Adaptive value-added utilization Health Program,87455794,04937666
54,Mandatory regional hardware Health Program,84821400,95188356
15,Reactive analyzing budgetary management Health Program,00661601,81450628
52,Assimilated systemic info-mediaries Health Program,39001315,97536204
4,Realigned optimal strategy Health Program,97516051,27906049
89,Diverse upward-trending orchestration Health Program,63128350,03024366
36,Quality-focused uniform productivity Health Program,92410453,72956084
34,Function-based composite pricing structure Health Program,47046802,65892372
65,Optional eco-centric archive Health Program,00177724,12311686
6,Enhanced local extranet Health Program,39332524,86853195
22,User-centric upward-trending hierarchy Health Program,98178064,22630266
79,Organic multimedia portal Health Program,75853437,40197197
7,Multi-tiered high-level capacity Health Program,03937159,13962083
59,User-friendly non-volatile middleware Health Program,68299952,16200308
20,User-centric scalable product Health Program,05297819,58877432
50,Implemented upward-trending success Health Program,60601362,16505223
61,Team-oriented real-time toolset Health Program,97175007,15819796
49,Enterprise-wide didactic complexity Health Program,10666790,79576183
92,Reactive background throughput Health Program,65851165,66505799
56,Customer-focused 3rdgeneration intranet Health Program,43559326,77852925
99,Centralized attitude-oriented challenge Health Program,57882116,38518088
64,Self-enabling 5thgeneration Graphic Interface Health Program,14306829,42144885
75,Synergized object-oriented capability Health Program,26342648,98400082
15,Reactive hybrid Internet solution Health Program,65789879,43473494
77,Front-line object-oriented algorithm Health Program,49062328,40036365
59,Function-based asymmetric challenge Health Program,76651296,91039418
97,Adaptive high-level artificial intelligence Health Program,74870926,37843383
64,Programmable systematic project Health Program,29299806,67487167
95,Focused 24hour functionalities Health Program,60970668,00355418
86,Open-architected content-based functionalities Health Program,78005895,16621602
66,Monitored intangible benchmark Health Program,73079215,68755758
5,De-engineered asynchronous info-mediaries Health Program,87686777,12539171
6,User-friendly even-keeled matrix Health Program,73718538,51041834
16,Enterprise-wide asynchronous array Health Program,26043303,34687685
16,Up-sized solution-oriented orchestration Health Program,49498784,93478172
52,Business-focused leadingedge hub Health Program,41369911,18136908
4,Upgradable multi-state knowledge user Health Program,92677431,43789464
9,Diverse next generation moratorium Health Program,92705565,85742773
8,Face-to-face mission-critical leverage Health Program,53378050,30600025
7,Progressive dynamic extranet Health Program,86738892,84143899
53,Persevering eco-centric interface Health Program,46696394,97211417
59,Focused asynchronous system engine Health Program,48413241,16215724
83,Versatile reciprocal emulation Health Program,23680713,54185274
91,Persistent grid-enabled solution Health Program,82178932,36352282
79,Assimilated zero administration matrix Health Program,30211466,43118790
62,Front-line user-facing instruction set Health Program,00072768,49308828
53,Ameliorated bifurcated open system Health Program,89203974,99602717
63,Multi-channeled regional website Health Program,08276687,66639159
82,Adaptive heuristic function Health Program,17056727,25452685
80,Cross-platform incremental time-frame Health Program,37763328,29429308
78,Customizable intermediate access Health Program,09311230,98188670
8,Future-proofed modular function Health Program,70550487,77383204
23,Exclusive responsive model Health Program,21945016,99002148
95,Streamlined bandwidth-monitored protocol Health Program,78760730,95357416
63,Proactive 24hour focus group Health Program,02629013,64491609
80,Operative scalable protocol Health Program,67633405,02288499
50,Synchronized didactic hub Health Program,38399205,75875507
91,Vision-oriented 24/7 budgetary management Health Program,89895950,42938873
22,Implemented impactful adapter Health Program,71545897,79052029
58,Innovative systemic knowledge user Health Program,58062901,52159816
79,Focused clear-thinking time-frame Health Program,62485560,26482146
59,Proactive next generation forecast Health Program,10776827,53159768
26,De-engineered 24/7 open architecture Health Program,09793614,21368828
37,Face-to-face local structure Health Program,42580221,41245774
31,Grass-roots solution-oriented application Health Program,69302206,69119515
9,Profound background interface Health Program,56428312,05627230
26,Exclusive next generation open architecture Health Program,46842997,67469265
56,Progressive modular time-frame Health Program,27812216,63654655
49,Secured high-level pricing structure Health Program,97053110,33571027
81,Object-based attitude-oriented protocol Health Program,59759832,36395820
91,Centralized impactful product Health Program,17240735,34768840
10,Decentralized static contingency Health Program,67974169,82753853
30,Profit-focused homogeneous customer loyalty Health Program,67679428,90688017
28,Profound global capacity Health Program,29230689,36705441
98,Profound regional application Health Program,52936063,06949170
45,Exclusive dedicated interface Health Program,01478238,81083253
4,Team-oriented user-facing circuit Health Program,24713308,54433223
87,Universal analyzing portal Health Program,00414817,77417605
6,Seamless background firmware Health Program,30566411,48453683
80,Reactive dedicated budgetary management Health Program,70029309,23909518
65,Synergistic tertiary adapter Health Program,38890815,17001880
44,Managed impactful standardization Health Program,47291936,05314900
97,Synergistic tangible knowledgebase Health Program,79349680,83301972
30,Synergistic context-sensitive focus group Health Program,24072713,98514649
54,Open-architected composite application Health Program,80643552,45467783
4,Balanced intangible focus group Health Program,60256244,07618910
4,Organized homogeneous neural-net Health Program,98698080,65179328
62,Object-based foreground infrastructure Health Program,12124087,30871236
20,Diverse cohesive encoding Health Program,78787838,30558728
37,Customizable contextually-based protocol Health Program,34309960,55664030
16,Up-sized user-facing monitoring Health Program,14186829,21499736
18,Seamless leadingedge neural-net Health Program,47167265,45620364
35,Sharable optimal intranet Health Program,89201807,82158447
48,Centralized human-resource monitoring Health Program,19429153,63915231
47,Visionary stable core Health Program,54498028,40076314
41,Fully-configurable attitude-oriented superstructure Health Program,97071333,39467542
70,Triple-buffered intermediate Local Area Network Health Program,06907958,76430030
36,Balanced asymmetric open architecture Health Program,15591511,07589948
24,Triple-buffered fault-tolerant array Health Program,87497615,49420243
16,Synergistic coherent strategy Health Program,00850894,26214213
88,Distributed dedicated firmware Health Program,58070935,80979880
38,Ergonomic explicit extranet Health Program,81737784,16890754
28,Customer-focused disintermediate hub Health Program,76916652,14525244
53,Grass-roots zero tolerance array Health Program,91829069,90513127
24,Total dedicated throughput Health Program,64172789,01722045
62,Ergonomic context-sensitive info-mediaries Health Program,18939129,48463940
42,Monitored intermediate adapter Health Program,39808350,67580884
15,Team-oriented dedicated productivity Health Program,43650882,48087738
21,Front-line neutral complexity Health Program,29466395,96704529
66,Team-oriented homogeneous archive Health Program,12438409,88501211
72,Programmable optimal knowledge user Health Program,40994829,65331352
17,Cross-platform incremental implementation Health Program,12153998,53951763
40,Self-enabling leadingedge budgetary management Health Program,39015758,74197333
80,Customer-focused cohesive analyzer Health Program,94559497,31562559
68,Synergistic attitude-oriented hierarchy Health Program,19360726,63902769
23,Polarized fault-tolerant function Health Program,74876120,07011046
20,Configurable 24hour pricing structure Health Program,68329615,46112569
99,Focused 4thgeneration complexity Health Program,57934789,96674744
71,Re-contextualized radical middleware Health Program,47695281,32405557
21,Persistent multi-tasking protocol Health Program,95807748,06304492
4,Function-based secondary firmware Health Program,21829982,16834615
35,Virtual client-driven service-desk Health Program,71949320,68290188
55,Adaptive asymmetric ability Health Program,14073828,08428530
11,Intuitive clear-thinking knowledgebase Health Program,95028556,46699807
59,Diverse zero administration concept Health Program,84147453,70098698
47,Exclusive high-level data-warehouse Health Program,85020264,10330683
21,Enhanced interactive standardization Health Program,31203793,28068984
95,Reverse-engineered scalable core Health Program,15216110,42501672
40,Persevering object-oriented pricing structure Health Program,56457584,52024230
85,Persevering global system engine Health Program,68624274,79070235
3,Adaptive solution-oriented capacity Health Program,19938803,17383298
64,Front-line zero-defect superstructure Health Program,34838628,48894153
39,Re-contextualized mobile capability Health Program,40605149,78840956
76,Assimilated scalable paradigm Health Program,67563710,54952158
8,Face-to-face clear-thinking matrices Health Program,59804626,19851922
42,Compatible zero-defect Internet solution Health Program,53129044,88251038
78,Automated national moratorium Health Program,32738297,78463540
12,Team-oriented 5thgeneration forecast Health Program,86109677,72360475
40,Synergized multimedia throughput Health Program,23653076,31654963
46,Cross-group zero administration hierarchy Health Program,40247591,76176995
45,Synergistic local function Health Program,35634222,64635428
61,Triple-buffered system-worthy challenge Health Program,02186501,65136430
11,Organized cohesive conglomeration Health Program,93433006,25567811
71,Managed discrete forecast Health Program,95662021,96260126
86,Pre-emptive non-volatile concept Health Program,21896815,24939627
34,Focused background capacity Health Program,95346955,14876623
27,Compatible heuristic neural-net Health Program,13848253,71158643
96,Organic motivating toolset Health Program,74602033,81054814
93,Centralized even-keeled system engine Health Program,74969295,69704855
56,Function-based user-facing artificial intelligence Health Program,43658028,84168452
35,Robust upward-trending secured line Health Program,78662334,77493826
60,Multi-lateral local leverage Health Program,65341416,75836891
62,Cloned 24hour definition Health Program,51762620,16930543
82,Fully-configurable encompassing emulation Health Program,97441257,37206376
39,Horizontal bifurcated process improvement Health Program,71153797,07940030
76,Future-proofed local pricing structure Health Program,27581658,17631637
8,Sharable methodical core Health Program,72075834,49895057
36,Fundamental discrete hardware Health Program,56573582,98051081
71,De-engineered content-based time-frame Health Program,52944208,87307191
4,Upgradable uniform Internet solution Health Program,21833502,41065232
99,Cross-platform fresh-thinking time-frame Health Program,42997191,60954169
3,Front-line heuristic help-desk Health Program,38542204,84662359
56,Digitized systemic circuit Health Program,90326362,62930130
97,Profound radical capacity Health Program,22180875,08868244
24,Vision-oriented leadingedge capacity Health Program,37351683,36441631
28,Function-based 24/7 encoding Health Program,27236342,32965596
45,Robust well-modulated instruction set Health Program,26267527,16678938
68,Team-oriented zero-defect hub Health Program,26328562,75063525
43,Intuitive exuding utilization Health Program,98137499,33687189
61,Switchable non-volatile alliance Health Program,33963966,08103487
95,Robust content-based flexibility Health Program,64774125,96456797
78,Synchronized discrete portal Health Program,54299550,84876736
83,Expanded logistical leverage Health Program,30963039,85423134
44,Object-based content-based standardization Health Program,90578933,64746909
82,Synergistic needs-based approach Health Program,92564256,17661630
27,Up-sized disintermediate strategy Health Program,51960024,08918910
42,Customizable mission-critical hub Health Program,22750988,13230760
31,Extended fault-tolerant workforce Health Program,88906992,38546767
32,Function-based hybrid synergy Health Program,24418471,30034130
15,Quality-focused composite definition Health Program,11163849,24605807
18,Grass-roots real-time flexibility Health Program,22077730,18451726
56,Re-engineered content-based methodology Health Program,59378916,18062626
10,Public-key local matrix Health Program,86709753,19619698
63,Synchronized motivating Local Area Network Health Program,00018178,11130218
15,Devolved explicit structure Health Program,87137148,85295669
69,Centralized methodical concept Health Program,26592108,24726242
10,Open-source zero administration open architecture Health Program,04985736,18269860
71,Reactive multimedia archive Health Program,58470836,60165459
67,Proactive neutral groupware Health Program,96433727,93310533
36,User-centric upward-trending architecture Health Program,32834184,17348528
51,Triple-buffered eco-centric artificial intelligence Health Program,16778955,51021987
25,Persistent mission-critical concept Health Program,25274521,35910404
59,Mandatory stable moratorium Health Program,68786134,59336729
31,Streamlined mobile support Health Program,22897603,70548112
8,Secured zero tolerance circuit Health Program,38401618,72705103
64,Right-sized 24hour leverage Health Program,11265084,19722173
50,Open-source object-oriented monitoring Health Program,14109617,58434695
86,Triple-buffered zero tolerance algorithm Health Program,83518848,60766824
23,Managed heuristic focus group Health Program,68399111,31028431
9,Universal motivating benchmark Health Program,86962843,56060295
50,Extended homogeneous orchestration Health Program,97942212,99524278
27,Universal modular budgetary management Health Program,02859440,24433486
99,Reactive value-added archive Health Program,72874320,78797365
42,Virtual needs-based matrices Health Program,83189505,14807031
11,Expanded real-time Graphical User Interface Health Program,32713112,52178642
14,Persistent impactful instruction set Health Program,34689439,27195731
68,Integrated 4thgeneration throughput Health Program,67635752,83967396
29,Exclusive value-added synergy Health Program,14098144,01673079
3,Compatible multimedia info-mediaries Health Program,08390281,06070570
83,Horizontal intermediate success Health Program,39654954,71065983
16,Upgradable 3rdgeneration alliance Health Program,96548626,74988551
19,Proactive demand-driven project Health Program,23922260,01848526
44,Mandatory multi-tasking algorithm Health Program,63475256,11066692
26,Multi-tiered actuating middleware Health Program,07622570,94472362
55,Realigned static groupware Health Program,48767021,65809701
32,User-friendly logistical hierarchy Health Program,88797994,94698121
84,Universal maximized customer loyalty Health Program,93048934,44236647
68,Networked empowering knowledge user Health Program,42975696,93024091
8,Programmable content-based access Health Program,24450654,02220411
40,Multi-lateral zero administration initiative Health Program,53758533,86806614
95,Self-enabling stable hardware Health Program,59257947,71662479
30,Exclusive eco-centric infrastructure Health Program,31431357,54553025
81,Synchronized motivating encoding Health Program,11525385,50681538
37,Decentralized 6thgeneration open system Health Program,63097157,53486213
41,Progressive next generation superstructure Health Program,12437704,81411894
9,Exclusive client-server approach Health Program,50546611,87832138
60,Robust reciprocal utilization Health Program,73234948,00045469
68,Integrated attitude-oriented infrastructure Health Program,60636946,97728071
44,Persevering intermediate adapter Health Program,55726338,38464131
36,Right-sized leadingedge array Health Program,40329693,93191594
26,Reduced needs-based matrix Health Program,60982593,38327018
80,Profit-focused tertiary open system Health Program,04581502,98164275
